[{"model": "app.manufacturer", "pk": 1, "fields": {"name": "AMD"}}, {"model": "app.manufacturer", "pk": 2, "fields": {"name": "Intel"}}, {"model": "app.manufacturer", "pk": 3, "fields": {"name": "MSI"}}, {"model": "app.manufacturer", "pk": 4, "fields": {"name": "Gigabyte"}}, {"model": "app.manufacturer", "pk": 5, "fields": {"name": "ASRock"}}, {"model": "app.manufacturer", "pk": 6, "fields": {"name": "Supermicro"}}, {"model": "app.manufacturer", "pk": 7, "fields": {"name": "Thermalright"}}, {"model": "app.manufacturer", "pk": 8, "fields": {"name": "Noctua"}}, {"model": "app.manufacturer", "pk": 9, "fields": {"name": "Samsung"}}, {"model": "app.manufacturer", "pk": 10, "fields": {"name": "Crucial"}}, {"model": "app.manufacturer", "pk": 11, "fields": {"name": "Seagate"}}, {"model": "app.manufacturer", "pk": 12, "fields": {"name": "Asus"}}, {"model": "app.manufacturer", "pk": 13, "fields": {"name": "Corsair"}}, {"model": "app.manufacturer", "pk": 14, "fields": {"name": "TEAMGROUP"}}, {"model": "app.manufacturer", "pk": 15, "fields": {"name": "Patriot"}}, {"model": "app.manufacturer", "pk": 16, "fields": {"name": "NVIDIA"}}, {"model": "app.manufacturer", "pk": 17, "fields": {"name": "Lian Li"}}, {"model": "app.manufacturer", "pk": 18, "fields": {"name": "NZXT"}}, {"model": "app.manufacturer", "pk": 19, "fields": {"name": "ARCTIC"}}, {"model": "app.socket", "pk": 1, "fields": {"name": "AM4"}}, {"model": "app.socket", "pk": 2, "fields": {"name": "AM5"}}, {"model": "app.socket", "pk": 3, "fields": {"name": "LGA1700"}}, {"model": "app.socket", "pk": 4, "fields": {"name": "LGA1851"}}, {"model": "app.processor", "pk": 1, "fields": {"manufacturer": 1, "model": "Ryzen 7 9800X3D", "core_count": 8, "core_clock": 4700, "boost_clock": 5200, "tdp": 120, "socket": 2}}, {"model": "app.processor", "pk": 2, "fields": {"manufacturer": 1, "model": "Ryzen 7 5700X3D", "core_count": 8, "core_clock": 3000, "boost_clock": 4100, "tdp": 105, "socket": 1}}, {"model": "app.processor", "pk": 3, "fields": {"manufacturer": 2, "model": "Core Ultra 7 265K", "core_count": 20, "core_clock": 3900, "boost_clock": 5500, "tdp": 125, "socket": 4}}, {"model": "app.processor", "pk": 4, "fields": {"manufacturer": 2, "model": "Core i7-14700K", "core_count": 20, "core_clock": 3400, "boost_clock": 5600, "tdp": 125, "socket": 3}}, {"model": "app.processorcooler", "pk": 1, "fields": {"manufacturer": 7, "model": "Peerless Assassin 120 SE", "rpm": 1550, "noise_level": 25, "size": 155, "socket": [1, 2, 3, 4]}}, {"model": "app.processorcooler", "pk": 2, "fields": {"manufacturer": 1, "model": "Wraith Prism", "rpm": 2800, "noise_level": 42, "size": 93, "socket": [1, 2]}}, {"model": "app.graphicscard", "pk": 1, "fields": {"manufacturer": 3, "model": "GeForce RTX 3060 Ventus 2X", "memory": 12, "core_clock": 1320, "boost_clock": 1777, "length": 235}}, {"model": "app.graphicscard", "pk": 2, "fields": {"manufacturer": 4, "model": "GeForce RTX 4070 Ti SUPER WINDFORCE OC", "memory": 16, "core_clock": 2340, "boost_clock": 2625, "length": 261}}, {"model": "app.graphicscard", "pk": 3, "fields": {"manufacturer": 16, "model": "GeForce RTX 4090 Founders Edition", "memory": 24, "core_clock": 2230, "boost_clock": 2520, "length": 304}}, {"model": "app.graphicscard", "pk": 4, "fields": {"manufacturer": 5, "model": "Radeon RX 7800 XT Challenger OC", "memory": 16, "core_clock": 1295, "boost_clock": 2475, "length": 267}}, {"model": "app.caseformfactor", "pk": 1, "fields": {"name": "ATX"}}, {"model": "app.caseformfactor", "pk": 2, "fields": {"name": "Micro ATX"}}, {"model": "app.caseformfactor", "pk": 3, "fields": {"name": "Mini ITX"}}, {"model": "app.caseformfactor", "pk": 4, "fields": {"name": "EATX"}}, {"model": "app.case", "pk": 1, "fields": {"manufacturer": 13, "model": "4000D Airflow", "formfactor": 1, "external_volume": 48}}, {"model": "app.case", "pk": 2, "fields": {"manufacturer": 17, "model": "O11 Vision", "formfactor": 1, "external_volume": 67}}, {"model": "app.case", "pk": 3, "fields": {"manufacturer": 18, "model": "H7 Flow", "formfactor": 1, "external_volume": 55}}, {"model": "app.case", "pk": 4, "fields": {"manufacturer": 12, "model": "Prime AP201", "formfactor": 2, "external_volume": 33}}, {"model": "app.casefan", "pk": 1, "fields": {"manufacturer": 8, "model": "NF-A12x25 PWM chromax.black.swap", "size": 120, "rpm": 2000, "noise_level": 22, "pwm": true}}, {"model": "app.casefan", "pk": 2, "fields": {"manufacturer": 19, "model": "P12", "size": 120, "rpm": 1800, "noise_level": 20, "pwm": true}}, {"model": "app.memorytype", "pk": 1, "fields": {"name": "DDR4"}}, {"model": "app.memorytype", "pk": 2, "fields": {"name": "DDR5"}}, {"model": "app.memory", "pk": 1, "fields": {"manufacturer": 13, "model": "Vengeance LPX", "capacity_per_module": 8, "modules": 2, "speed": 3200, "first_word_latency": 10, "cas_latency": 16, "type": 1}}, {"model": "app.memory", "pk": 2, "fields": {"manufacturer": 13, "model": "Vengeance LPX", "capacity_per_module": 16, "modules": 2, "speed": 3600, "first_word_latency": 10, "cas_latency": 18, "type": 1}}, {"model": "app.memory", "pk": 3, "fields": {"manufacturer": 14, "model": "T-Force Delta RGB", "capacity_per_module": 16, "modules": 2, "speed": 6000, "first_word_latency": 10, "cas_latency": 30, "type": 2}}, {"model": "app.memory", "pk": 4, "fields": {"manufacturer": 15, "model": "Venom", "capacity_per_module": 32, "modules": 2, "speed": 6000, "first_word_latency": 10, "cas_latency": 30, "type": 2}}, {"model": "app.motherboard", "pk": 1, "fields": {"manufacturer": 3, "model": "B760 GAMING PLUS WIFI", "max_memory": 192, "memory_slots": 4, "formfactor": 1, "socket": 3, "supported_memory": [2]}}, {"model": "app.motherboard", "pk": 2, "fields": {"manufacturer": 3, "model": "PRO H610M-G", "max_memory": 64, "memory_slots": 2, "formfactor": 2, "socket": 3, "supported_memory": [1]}}, {"model": "app.motherboard", "pk": 3, "fields": {"manufacturer": 4, "model": "Z890 EAGLE WIFI7", "max_memory": 256, "memory_slots": 4, "formfactor": 1, "socket": 4, "supported_memory": [2]}}, {"model": "app.motherboard", "pk": 4, "fields": {"manufacturer": 12, "model": "PRIME B650-PLUS WIFI", "max_memory": 192, "memory_slots": 4, "formfactor": 1, "socket": 2, "supported_memory": [2]}}, {"model": "app.motherboard", "pk": 5, "fields": {"manufacturer": 12, "model": "PRIME B550M-A WIFI II", "max_memory": 128, "memory_slots": 4, "formfactor": 2, "socket": 1, "supported_memory": [1]}}, {"model": "app.motherboard", "pk": 6, "fields": {"manufacturer": 3, "model": "B450M-A PRO MAX II", "max_memory": 64, "memory_slots": 2, "formfactor": 2, "socket": 1, "supported_memory": [1]}}, {"model": "app.storageformfactor", "pk": 1, "fields": {"name": "M.2-2280"}}, {"model": "app.storageformfactor", "pk": 2, "fields": {"name": "3.5\""}}, {"model": "app.storageformfactor", "pk": 3, "fields": {"name": "2.5\""}}, {"model": "app.storageinterface", "pk": 1, "fields": {"name": "M.2 PCIe 4.0 X4"}}, {"model": "app.storageinterface", "pk": 2, "fields": {"name": "SATA 6.0 Gb/s"}}, {"model": "app.storage", "pk": 1, "fields": {"manufacturer": 9, "model": "990 Pro", "capacity": 2000, "cache": 2048, "form_factor": 1, "interface": 1}}, {"model": "app.storage", "pk": 2, "fields": {"manufacturer": 9, "model": "990 Pro", "capacity": 1000, "cache": 4096, "form_factor": 1, "interface": 1}}, {"model": "app.storage", "pk": 3, "fields": {"manufacturer": 11, "model": "Barracuda Compute", "capacity": 2000, "cache": 256, "form_factor": 2, "interface": 2}}, {"model": "app.storage", "pk": 4, "fields": {"manufacturer": 10, "model": "P3 Plus", "capacity": 1000, "cache": 0, "form_factor": 2, "interface": 2}}, {"model": "app.storage", "pk": 5, "fields": {"manufacturer": 9, "model": "870 Evo", "capacity": 1000, "cache": 1024, "form_factor": 3, "interface": 2}}, {"model": "app.powersupply", "pk": 1, "fields": {"manufacturer": 13, "model": "RM750e (2023)", "formfactor": 1, "wattage": 750, "efficiency": 4, "modularity": 2}}, {"model": "app.powersupply", "pk": 2, "fields": {"manufacturer": 13, "model": "RM1000e (2023)", "formfactor": 1, "wattage": 1000, "efficiency": 4, "modularity": 2}}, {"model": "app.powersupply", "pk": 3, "fields": {"manufacturer": 3, "model": "MAG A650BN", "formfactor": 1, "wattage": 650, "efficiency": 2, "modularity": 0}}]